{
  "count": 122,
  "general_count": 17,
  "specific_count": 105,
  "multi_valid_rate": 0.5245901639344263,
  "mono_valid_rate": 0.9508196721311475,
  "multi_em_avg": 0.0,
  "mono_em_avg": 0.0,
  "multi_f1_avg": 0.280131550022128,
  "mono_f1_avg": 0.11234116148513727,
  "routing_accuracy_top1": 0.3114754098360656,
  "routing_hit_rate_any": 0.4098360655737705,
  "routing_accuracy_top1_specific": 0.3619047619047619,
  "routing_hit_rate_any_specific": 0.47619047619047616
}